wavelength,flux
2869.633658089779,138.43158561412406
2871.0616965633762,138.57353263839963
2872.4897350369733,138.71547966267516
2873.9177735105704,138.85742668695073
2875.3458119841675,138.99937371122627
2876.7738504577646,139.14132073550184
2878.2018889313617,139.28326775977737
2879.629927404959,139.4252147840529
2881.057965878556,139.56716180832848
2882.486004352153,139.70910883260404
2883.91404282575,139.85105585687958
2885.3420812993472,139.99300288115512
2886.7701197729443,140.1349499054307
2888.1981582465414,140.27689692970623
2889.6261967201385,140.4188439539818
2891.0542351937356,140.56079097825733
2892.4822736673327,140.7027380025329
2893.91031214093,140.84468502680843
2895.338350614527,140.986632051084
2896.766389088124,141.12857907535954
2898.194427561721,141.2705260996351
2899.622466035318,141.41247312391064
2901.0505045089153,141.5544201481862
2902.4785429825124,141.69636717246175
2903.9065814561095,141.83831419673731
2905.3346199297066,141.98026122101285
2906.7626584033037,142.1222082452884
2908.190696876901,142.26415526956396
2909.618735350498,142.40610229383952
2911.046773824095,142.54804931811506
2912.474812297692,142.6899963423906
2913.902850771289,142.83194336666617
2915.3308892448863,142.9738903909417
2916.7589277184834,143.11583741521727
2918.1869661920805,143.2577844394928
2919.6150046656776,143.39973146376838
2921.0430431392747,143.5416784880439
2922.471081612872,143.68362551231948
2923.899120086469,143.82557253659502
2925.327158560066,143.96751956087058
2926.755197033663,144.10946658514612
2928.18323550726,144.2514136094217
2929.6112739808573,144.39336063369723
2931.0393124544544,144.5353076579728
2932.4673509280515,144.67725468224833
2933.8953894016486,144.81920170652387
2935.3234278752457,144.96114873079944
2936.7514663488428,145.103095755075
2938.17950482244,145.24504277935054
2939.607543296037,145.38698980362608
2941.035581769634,145.52893682790165
2942.463620243231,145.6708838521772
2943.8916587168283,145.81283087645275
2945.3196971904254,145.9547779007283
2946.7477356640225,146.09672492500385
2948.1757741376196,146.2386719492794
2949.6038126112167,146.38061897355496
2951.0318510848138,146.5225659978305
2952.459889558411,146.66451302210606
2953.887928032008,146.8064600463816
2955.315966505605,146.94840707065717
2956.744004979202,147.0903540949327
2958.1720434527992,147.23230111920827
2959.6000819263963,147.3742481434838
2961.0281203999934,147.51619516775935
2962.4561588735905,147.65814219203492
2963.8841973471876,147.80008921631048
2965.3122358207847,147.94203624058602
2966.740274294382,148.08398326486156
2968.168312767979,148.22593028913712
2969.596351241576,148.3678773134127
2971.024389715173,148.50982433768823
2972.45242818877,148.65177136196377
2973.8804666623673,148.79371838623933
2975.3085051359644,148.93566541051487
2976.7365436095615,149.07761243479044
2978.1645820831586,149.21955945906598
2979.5926205567557,149.36150648334154
2981.020659030353,149.50345350761708
2982.44869750395,149.64540053189265
2983.876735977547,149.78734755616819
2985.304774451144,149.92929458044375
2986.732812924741,150.0712416047193
2988.1608513983383,150.21318862899483
2989.5888898719354,150.3551356532704
2991.0169283455325,150.49708267754596
2992.4449668191296,150.6390297018215
2993.8730052927267,150.78097672609704
2995.301043766324,150.9229237503726
2996.729082239921,151.06487077464814
2998.157120713518,151.2068177989237
2999.585159187115,151.34876482319925
3001.013197660712,151.4907118474748
3002.4412361343093,151.63265887175035
3003.8692746079064,151.77460589602592
3005.2973130815035,151.91655292030146
3006.7253515551006,152.05849994457702
3008.1533900286977,152.20044696885256
3009.581428502295,152.34239399312813
3011.009466975892,152.48434101740366
3012.437505449489,152.62628804167923
3013.865543923086,152.76823506595477
3015.293582396683,152.9101820902303
3016.7216208702803,153.05212911450587
3018.1496593438774,153.19407613878144
3019.5776978174745,153.33602316305698
3021.0057362910716,153.47797018733252
3022.4337747646687,153.61991721160808
3023.8618132382658,153.76186423588362
3025.289851711863,153.9038112601592
3026.71789018546,154.04575828443473
3028.145928659057,154.1877053087103
3029.573967132654,154.32965233298583
3031.0020056062513,154.4715993572614
3032.4300440798484,154.61354638153693
3033.8580825534455,154.7554934058125
3035.2861210270426,154.89744043008804
3036.7141595006397,155.0393874543636
3038.1421979742368,155.18133447863914
3039.570236447834,155.3232815029147
3040.998274921431,155.46522852719025
3042.426313395028,155.6071755514658
3043.854351868625,155.74912257574135
3045.2823903422222,155.89106960001692
3046.7104288158193,156.03301662429246
3048.1384672894164,156.174963648568
3049.5665057630135,156.31691067284356
3050.9945442366106,156.4588576971191
3052.4225827102077,156.60080472139467
3053.850621183805,156.7427517456702
3055.278659657402,156.88469876994577
3056.706698130999,157.0266457942213
3058.134736604596,157.16859281849688
3059.562775078193,157.3105398427724
3060.9908135517903,157.45248686704798
3062.4188520253874,157.59443389132352
3063.8468904989845,157.73638091559909
3065.2749289725816,157.87832793987462
3066.7029674461787,158.0202749641502
3068.131005919776,158.16222198842573
3069.559044393373,158.30416901270127
3070.98708286697,158.44611603697683
3072.415121340567,158.5880630612524
3073.843159814164,158.73001008552794
3075.2711982877613,158.87195710980347
3076.6992367613584,159.01390413407904
3078.1272752349555,159.15585115835458
3079.5553137085526,159.29779818263015
3080.9833521821497,159.43974520690568
3082.411390655747,159.58169223118125
3083.839429129344,159.7236392554568
3085.267467602941,159.86558627973236
3086.695506076538,160.0075333040079
3088.123544550135,160.14948032828346
3089.5515830237323,160.291427352559
3090.9796214973294,160.43337437683456
3092.4076599709265,160.5753214011101
3093.8356984445236,160.71726842538567
3095.2637369181207,160.8592154496612
3096.691775391718,161.00116247393674
3098.119813865315,161.1431094982123
3099.547852338912,161.28505652248788
3100.975890812509,161.42700354676342
3102.403929286106,161.56895057103895
3103.8319677597033,161.71089759531452
3105.2600062333004,161.85284461959006
3106.6880447068975,161.99479164386563
3108.1160831804946,162.13673866814116
3109.5441216540917,162.27868569241673
3110.9721601276888,162.42063271669227
3112.400198601286,162.56257974096783
3113.828237074883,162.70452676524337
3115.25627554848,162.84647378951894
3116.684314022077,162.98842081379448
3118.1123524956743,163.13036783807004
3119.5403909692714,163.27231486234558
3120.9684294428685,163.41426188662115
3122.3964679164656,163.5562089108967
3123.8245063900627,163.69815593517225
3125.2525448636598,163.8401029594478
3126.680583337257,163.98204998372336
3128.108621810854,164.1239970079989
3129.536660284451,164.26594403227443
3130.964698758048,164.40789105655
3132.3927372316452,164.54983808082554
3133.8207757052423,164.6917851051011
3135.2488141788394,164.83373212937664
3136.6768526524365,164.9756791536522
3138.1048911260336,165.11762617792775
3139.5329295996307,165.2595732022033
3140.960968073228,165.40152022647885
3142.389006546825,165.54346725075442
3143.817045020422,165.68541427502996
3145.245083494019,165.82736129930552
3146.673121967616,165.96930832358106
3148.1011604412133,166.11125534785663
3149.5291989148104,166.25320237213217
3150.9572373884075,166.39514939640773
3152.3852758620046,166.53709642068327
3153.8133143356017,166.67904344495884
3155.241352809199,166.82099046923437
3156.669391282796,166.9629374935099
3158.097429756393,167.10488451778548
3159.52546822999,167.24683154206102
3160.953506703587,167.38877856633658
3162.3815451771843,167.53072559061212
3163.8095836507814,167.6726726148877
3165.2376221243785,167.81461963916323
3166.6656605979756,167.9565666634388
3168.0936990715727,168.09851368771433
3169.52173754517,168.2404607119899
3170.949776018767,168.38240773626544
3172.377814492364,168.524354760541
3173.805852965961,168.66630178481654
3175.233891439558,168.8082488090921
3176.6619299131553,168.95019583336764
3178.0899683867524,169.0921428576432
3179.5180068603495,169.23408988191875
3180.9460453339466,169.37603690619432
3182.3740838075437,169.51798393046985
3183.802122281141,169.6599309547454
3185.230160754738,169.80187797902096
3186.658199228335,169.9438250032965
3188.086237701932,170.08577202757206
3189.514276175529,170.2277190518476
3190.9423146491263,170.36966607612317
3192.3703531227234,170.5116131003987
3193.7983915963205,170.65356012467427
3195.2264300699176,170.7955071489498
3196.6544685435147,170.93745417322538
3198.0825070171118,171.0794011975009
3199.510545490709,171.22134822177648
3200.938583964306,171.36329524605202
3202.366622437903,171.50524227032759
3203.7946609115,171.64718929460312
3205.2226993850973,171.7891363188787
3206.6507378586944,171.93108334315423
3208.0787763322915,172.0730303674298
3209.5068148058886,172.21497739170533
3210.9348532794857,172.35692441598087
3212.3628917530827,172.49887144025644
3213.79093022668,172.64081846453197
3215.218968700277,172.78276548880754
3216.647007173874,172.92471251308308
3218.075045647471,173.06665953735865
3219.5030841210682,173.20860656163418
3220.9311225946653,173.35055358590975
3222.3591610682624,173.4925006101853
3223.7871995418595,173.63444763446086
3225.2152380154566,173.7763946587364
3226.6432764890537,173.91834168301196
3228.071314962651,174.0602887072875
3229.499353436248,174.20223573156306
3230.927391909845,174.3441827558386
3232.355430383442,174.48612978011417
3233.783468857039,174.6280768043897
3235.2115073306363,174.77002382866527
3236.6395458042334,174.9119708529408
3238.0675842778305,175.05391787721635
3239.4956227514276,175.19586490149192
3240.9236612250247,175.33781192576745
3242.351699698622,175.47975895004302
3243.779738172219,175.62170597431856
3245.207776645816,175.76365299859413
3246.635815119413,175.90560002286966
3248.06385359301,176.04754704714523
3249.4918920666073,176.18949407142077
3250.9199305402044,176.33144109569633
3252.3479690138015,176.47338811997187
3253.7760074873986,176.61533514424744
3255.2040459609957,176.75728216852298
3256.632084434593,176.89922919279854
3258.06012290819,177.04117621707408
3259.488161381787,177.18312324134965
3260.916199855384,177.3250702656252
3262.344238328981,177.46701728990075
3263.7722768025783,177.6089643141763
3265.2003152761754,177.75091133845183
3266.6283537497725,177.8928583627274
3268.0563922233696,178.03480538700293
3269.4844306969667,178.1767524112785
3270.912469170564,178.31869943555404
3272.340507644161,178.4606464598296
3273.768546117758,178.60259348410514
3275.196584591355,178.7445405083807
3276.624623064952,178.88648753265625
3278.0526615385493,179.0284345569318
3279.4807000121464,179.17038158120735
3280.9087384857435,179.31232860548292
3282.3367769593406,179.45427562975846
3283.7648154329377,179.59622265403402
3285.1928539065348,179.73816967830956
3286.620892380132,179.88011670258513
3288.048930853729,180.02206372686067
3289.476969327326,180.16401075113623
3290.905007800923,180.30595777541177
3292.3330462745203,180.4479047996873
3293.7610847481174,180.58985182396287
3295.1891232217145,180.7317988482384
3296.6171616953116,180.87374587251398
3298.0452001689087,181.01569289678952
3299.4732386425057,181.15763992106508
3300.901277116103,181.29958694534062
3302.3293155897,181.4415339696162
3303.757354063297,181.58348099389173
3305.185392536894,181.7254280181673
3306.6134310104912,181.86737504244283
3308.0414694840883,182.0093220667184
3309.4695079576854,182.15126909099394
3310.8975464312825,182.2932161152695
3312.3255849048796,182.43516313954504
3313.7536233784767,182.5771101638206
3315.181661852074,182.71905718809614
3316.609700325671,182.8610042123717
3318.037738799268,183.00295123664725
3319.465777272865,183.1448982609228
3320.893815746462,183.28684528519835
3322.3218542200593,183.4287923094739
3323.7498926936564,183.57073933374946
3325.1779311672535,183.712686358025
3326.6059696408506,183.85463338230056
3328.0340081144477,183.9965804065761
3329.462046588045,184.13852743085167
3330.890085061642,184.2804744551272
3332.318123535239,184.42242147940277
3333.746162008836,184.5643685036783
3335.174200482433,184.70631552795388
3336.6022389560303,184.84826255222941
3338.0302774296274,184.99020957650498
3339.4583159032245,185.13215660078052
3340.8863543768216,185.27410362505609
3342.3143928504187,185.41605064933162
3343.742431324016,185.5579976736072
3345.170469797613,185.69994469788273
3346.59850827121,185.84189172215827
3348.026546744807,185.98383874643383
3349.454585218404,186.12578577070937
3350.8826236920013,186.18247134633762
3352.3106621655984,186.1864698540637
3353.7387006391955,186.19046836178975
3355.1667391127926,186.19446686951582
3356.5947775863897,186.1984653772419
3358.022816059987,186.20246388496795
3359.450854533584,186.20646239269405
3360.878893007181,186.21046090042012
3362.306931480778,186.21445940814618
3363.734969954375,186.21845791587225
3365.1630084279723,186.22245642359832
3366.5910469015694,186.22645493132438
3368.0190853751665,186.23045343905048
3369.4471238487636,186.23445194677655
3370.8751623223607,186.2384504545026
3372.3032007959578,186.24244896222868
3373.731239269555,186.24644746995475
3375.159277743152,186.2504459776808
3376.587316216749,186.2544444854069
3378.015354690346,186.25844299313297
3379.4433931639433,186.26244150085904
3380.8714316375404,186.2664400085851
3382.2994701111375,186.27043851631117
3383.7275085847346,186.27443702403724
3385.1555470583316,186.27843553176334
3386.5835855319287,186.2824340394894
3388.011624005526,186.28643254721547
3389.439662479123,186.29043105494154
3390.86770095272,186.2944295626676
3392.295739426317,186.2984280703937
3393.7237778999142,186.30242657811976
3395.1518163735113,186.30642508584583
3396.5798548471084,186.3104235935719
3398.0078933207055,186.31442210129796
3399.4359317943026,186.31842060902403
3400.8639702678997,186.25917649313985
3402.292008741497,186.15864258459862
3403.720047215094,186.05810867605737
3405.148085688691,185.95757476751615
3406.576124162288,185.8570408589749
3408.004162635885,185.75650695043367
3409.4322011094823,185.65597304189245
3410.8602395830794,185.5554391333512
3412.2882780566765,185.45490522480998
3413.7163165302736,185.35437131626873
3415.1443550038707,185.2538374077275
3416.572393477468,185.15330349918628
3418.0004319510645,185.05276959064506
3419.428470424662,184.9522356821038
3420.8565088982587,184.85170177356258
3422.284547371856,184.75116786502133
3423.712585845453,184.65063395648014
3425.1406243190504,184.55010004793886
3426.568662792647,184.44956613939766
3427.9967012662446,184.34903223085638
3429.4247397398412,184.24849832231519
3430.852778213439,184.1479644137739
3432.2808166870354,184.0474305052327
3433.708855160633,183.94689659669143
3435.1368936342296,183.84636268815024
3436.564932107827,183.74582877960898
3437.992970581424,183.64529487106776
3439.4210090550214,183.5447609625265
3440.849047528618,183.4442270539853
3442.2770860022156,183.34369314544404
3443.705124475812,183.24315923690284
3445.13316294941,183.14262532836156
3446.5612014230064,183.04209141982037
3447.989239896604,182.9415575112791
3449.4172783702006,182.8410236027379
3450.845316843798,182.80219782379388
3452.273355317395,182.80591072382524
3453.7013937909924,182.8096236238566
3455.129432264589,182.81333652388795
3456.5574707381866,182.8170494239193
3457.985509211783,182.82076232395065
3459.4135476853808,182.824475223982
3460.8415861589774,182.82818812401337
3462.269624632575,182.8319010240447
3463.6976631061716,182.83561392407606
3465.125701579769,182.83932682410742
3466.553740053366,182.84303972413875
3467.9817785269634,182.8467526241701
3469.40981700056,182.85046552420147
3470.8378554741575,182.85417842423283
3472.265893947754,182.85789132426416
3473.6939324213517,182.86160422429552
3475.1219708949484,182.86531712432688
3476.550009368546,182.86903002435824
3477.9780478421426,182.87274292438957
3479.40608631574,182.87645582442093
3480.834124789337,182.8801687244523
3482.2621632629343,182.88388162448365
3483.690201736531,182.88759452451498
3485.1182402101285,182.89130742454634
3486.546278683725,182.8950203245777
3487.9743171573227,182.89873322460906
3489.4023556309194,182.9024461246404
3490.830394104517,182.90615902467175
3492.2584325781136,182.9098719247031
3493.686471051711,182.91358482473444
3495.1145095253078,182.9172977247658
3496.5425479989053,182.92101062479716
3497.970586472502,182.92472352482852
3499.3986249460995,182.92843642485985
3500.826663419696,183.04110356360718
3502.2547018932937,183.2330319344587
3503.6827403668904,183.42496030531007
3505.110778840488,183.61688867616158
3506.5388173140846,183.80881704701298
3507.966855787682,184.0007454178645
3509.3948942612788,184.19267378871587
3510.8229327348763,184.38460215956738
3512.250971208473,184.57653053041878
3513.6790096820705,184.7684589012703
3515.107048155667,184.96038727212166
3516.5350866292647,185.15231564297318
3517.9631251028613,185.34424401382458
3519.391163576459,185.5361723846761
3520.8192020500555,185.72810075552746
3522.247240523653,185.92002912637898
3523.6752789972497,186.11195749723038
3525.1033174708473,186.3038858680819
3526.531355944444,186.49581423893326
3527.9593944180415,186.68774260978478
3529.387432891638,186.87967098063618
3530.8154713652357,187.0715993514877
3532.2435098388323,187.26352772233906
3533.67154831243,187.45545609319058
3535.0995867860265,187.64738446404198
3536.527625259624,187.8393128348935
3537.9556637332207,188.03124120574486
3539.3837022068183,188.22316957659638
3540.811740680415,188.41509794744778
3542.2397791540125,188.6070263182993
3543.667817627609,188.79895468915066
3545.0958561012067,188.99088306000218
3546.5238945748033,189.18281143085358
3547.951933048401,189.3747398017051
3549.3799715219975,189.56666817255646
3550.808009995595,189.70882312767932
3552.2360484691917,189.81278432855717
3553.6640869427893,189.91674552943508
3555.092125416386,190.0207067303129
3556.5201638899835,190.1246679311908
3557.94820236358,190.22862913206865
3559.3762408371776,190.33259033294652
3560.8042793107743,190.43655153382437
3562.232317784372,190.54051273470228
3563.6603562579685,190.6444739355801
3565.088394731566,190.748435136458
3566.5164332051627,190.85239633733585
3567.9444716787602,190.95635753821375
3569.372510152357,191.06031873909157
3570.8005486259544,191.16427993996948
3572.228587099551,191.26824114084732
3573.6566255731486,191.37220234172523
3575.0846640467453,191.47616354260305
3576.512702520343,191.58012474348095
3577.9407409939395,191.6840859443588
3579.368779467537,191.7880471452367
3580.7968179411337,191.89200834611452
3582.224856414731,191.99596954699243
3583.652894888328,192.09993074787027
3585.0809333619254,192.20389194874818
3586.508971835522,192.307853149626
3587.9370103091196,192.4118143505039
3589.3650487827163,192.51577555138175
3590.793087256314,192.61973675225963
3592.2211257299105,192.72369795313747
3593.649164203508,192.82765915401538
3595.0772026771047,192.9316203548932
3596.505241150702,193.0355815557711
3597.933279624299,193.13954275664895
3599.3613180978964,193.24350395752685
3600.789356571493,193.38440704595055
3602.2173950450906,193.55520044739282
3603.6454335186872,193.72599384883497
3605.073471992285,193.89678725027724
3606.5015104658814,194.06758065171942
3607.929548939479,194.2383740531617
3609.3575874130756,194.40916745460385
3610.785625886673,194.5799608560461
3612.21366436027,194.75075425748827
3613.6417028338674,194.92154765893054
3615.069741307464,195.0923410603727
3616.4977797810616,195.26313446181496
3617.925818254658,195.4339278632571
3619.353856728256,195.60472126469938
3620.7818952018524,195.77551466614156
3622.20993367545,195.94630806758383
3623.6379721490466,196.11710146902598
3625.066010622644,196.28789487046825
3626.494049096241,196.4586882719104
3627.9220875698384,196.62948167335267
3629.350126043435,196.80027507479483
3630.7781645170326,196.9710684762371
3632.206202990629,197.14186187767925
3633.6342414642268,197.31265527912151
3635.0622799378234,197.4834486805637
3636.490318411421,197.65424208200596
3637.9183568850176,197.82503548344812
3639.346395358615,197.9958288848904
3640.774433832212,198.16662228633254
3642.2024723058094,198.3374156877748
3643.630510779406,198.50820908921696
3645.0585492530035,198.67900249065923
3646.4865877266,198.84979589210138
3647.9146262001977,199.02058929354365
3649.3426646737944,199.1913826949858
3650.770703147392,199.24302538984128
3652.1987416209886,199.19304404326542
3653.626780094586,199.1430626966895
3655.054818568183,199.0930813501136
3656.4828570417803,199.0431000035377
3657.910895515377,198.99311865696183
3659.3389339889745,198.9431373103859
3660.766972462571,198.89315596381002
3662.1950109361687,198.8431746172341
3663.6230494097654,198.79319327065824
3665.051087883363,198.74321192408232
3666.4791263569596,198.69323057750643
3667.907164830557,198.6432492309305
3669.3352033041538,198.59326788435462
3670.7632417777513,198.54328653777873
3672.191280251348,198.49330519120284
3673.6193187249455,198.44332384462692
3675.047357198542,198.39334249805103
3676.4753956721397,198.3433611514751
3677.9034341457364,198.29337980489925
3679.331472619334,198.24339845832333
3680.7595110929306,198.19341711174744
3682.187549566528,198.14343576517152
3683.6155880401247,198.09345441859566
3685.0436265137223,198.04347307201974
3686.471664987319,197.99349172544385
3687.8997034609165,197.94351037886793
3689.327741934513,197.89352903229204
3690.7557804081107,197.84354768571615
3692.1838188817073,197.79356633914026
3693.611857355305,197.74358499256434
3695.0398958289015,197.69360364598845
3696.467934302499,197.64362229941256
3697.8959727760957,197.59364095283667
3699.3240112496933,197.54365960626075
3700.75204972329,197.57489962980017
3702.1800881968875,197.67914643837278
3703.608126670484,197.78339324694534
3705.0361651440817,197.88764005551798
3706.4642036176783,197.99188686409053
3707.892242091276,198.09613367266314
3709.3202805648725,198.2003804812357
3710.74831903847,198.3046272898083
3712.1763575120667,198.40887409838086
3713.6043959856643,198.5131209069535
3715.032434459261,198.61736771552606
3716.4604729328585,198.72161452409867
3717.888511406455,198.82586133267122
3719.3165498800527,198.93010814124384
3720.7445883536493,199.0343549498164
3722.172626827247,199.13860175838903
3723.6006653008435,199.24284856696158
3725.028703774441,199.3470953755342
3726.4567422480377,199.45134218410675
3727.8847807216353,199.55558899267936
3729.312819195232,199.65983580125192
3730.7408576688294,199.76408260982456
3732.168896142426,199.8683294183971
3733.5969346160236,199.97257622696972
3735.0249730896203,200.07682303554228
3736.453011563218,200.1810698441149
3737.8810500368145,200.28531665268744
3739.309088510412,200.38956346126008
3740.7371269840087,200.49381026983264
3742.1651654576062,200.59805707840525
3743.593203931203,200.7023038869778
3745.0212424048004,200.8065506955504
3746.449280878397,200.91079750412297
3747.8773193519946,201.0150443126956
3749.3053578255913,201.11929112126816
3750.733396299189,201.44942398999092
3752.1614347727855,201.99350664843126
3753.589473246383,202.53758930687192
3755.0175117199797,203.08167196531224
3756.445550193577,203.6257546237529
3757.873588667174,204.16983728219324
3759.3016271407714,204.7139199406339
3760.729665614368,205.25800259907422
3762.1577040879656,205.80208525751488
3763.5857425615623,206.34616791595522
3765.01378103516,206.89025057439588
3766.4418195087565,207.4343332328362
3767.869857982354,207.97841589127688
3769.2978964559506,208.5224985497172
3770.725934929548,209.06658120815786
3772.153973403145,209.61066386659817
3773.5820118767424,210.15474652503886
3775.010050350339,210.69882918347918
3776.4380888239366,211.24291184191983
3777.8661272975332,211.78699450036015
3779.294165771131,212.33107715880084
3780.7222042447274,212.87515981724115
3782.150242718325,213.4192424756818
3783.5782811919216,213.96332513412213
3785.0063196655187,214.50740779256262
3786.434358139116,215.05149045100313
3787.862396612713,215.59557310944362
3789.29043508631,216.1396557678841
3790.718473559907,216.68373842632462
3792.146512033504,217.2278210847651
3793.5745505071013,217.7719037432056
3795.0025889806984,218.3159864016461
3796.4306274542955,218.8600690600866
3797.8586659278926,219.4041517185271
3799.2867044014897,219.94823437696758
3800.714742875087,220.29218903038378
3802.142781348684,220.4364209162171
3803.570819822281,220.5806528020504
3804.998858295878,220.7248846878837
3806.426896769475,220.869116573717
3807.8549352430723,221.01334845955031
3809.2829737166694,221.15758034538362
3810.7110121902665,221.30181223121693
3812.1390506638636,221.44604411705023
3813.5670891374607,221.59027600288354
3814.995127611058,221.73450788871685
3816.423166084655,221.87873977455016
3817.851204558252,222.02297166038346
3819.279243031849,222.16720354621677
3820.707281505446,222.31143543205008
3822.1353199790433,222.45566731788338
3823.5633584526404,222.5998992037167
3824.9913969262375,222.74413108955
3826.4194353998346,222.8883629753833
3827.8474738734317,223.0325948612166
3829.275512347029,223.17682674704992
3830.703550820626,223.32105863288322
3832.131589294223,223.46529051871653
3833.55962776782,223.60952240454984
3834.987666241417,223.75375429038314
3836.4157047150143,223.89798617621645
3837.8437431886114,224.04221806204976
3839.2717816622085,224.18644994788306
3840.6998201358056,224.33068183371637
3842.1278586094027,224.47491371954968
3843.5558970829998,224.61914560538298
3844.983935556597,224.7633774912163
3846.411974030194,224.9076093770496
3847.840012503791,225.0518412628829
3849.268050977388,225.1960731487162
3850.6960894509853,225.24981340592143
3852.1241279245824,225.20840029018711
3853.5521663981795,225.1669871744528
3854.9802048717766,225.12557405871848
3856.4082433453736,225.08416094298417
3857.8362818189707,225.04274782724985
3859.264320292568,225.00133471151554
3860.692358766165,224.95992159578122
3862.120397239762,224.9185084800469
3863.548435713359,224.8770953643126
3864.9764741869562,224.83568224857828
3866.4045126605533,224.79426913284397
3867.8325511341504,224.75285601710965
3869.2605896077475,224.71144290137534
3870.6886280813446,224.67002978564102
3872.1166665549417,224.6286166699067
3873.544705028539,224.5872035541724
3874.972743502136,224.54579043843805
3876.400781975733,224.50437732270373
3877.82882044933,224.46296420696942
3879.256858922927,224.4215510912351
3880.6848973965243,224.3801379755008
3882.1129358701214,224.33872485976647
3883.5409743437185,224.29731174403216
3884.9690128173156,224.25589862829784
3886.3970512909127,224.21448551256353
3887.82508976451,224.1730723968292
3889.253128238107,224.1316592810949
3890.681166711704,224.09024616536058
3892.109205185301,224.04883304962627
3893.537243658898,224.00741993389195
3894.9652821324953,223.96600681815764
3896.393320606093,223.9245937024233
3897.8213590796895,223.883180586689
3899.249397553287,223.84176747095466
3900.6774360268837,223.6923710525351
3902.1054745004813,223.42332860410932
3903.533512974078,223.1542861556837
3904.9615514476754,222.88524370725793
3906.389589921272,222.61620125883232
3907.8176283948696,222.34715881040654
3909.2456668684663,222.07811636198096
3910.673705342064,221.80907391355518
3912.1017438156605,221.54003146512957
3913.529782289258,221.2709890167038
3914.9578207628547,221.00194656827819
3916.3858592364522,220.7329041198524
3917.813897710049,220.4638616714268
3919.2419361836464,220.19481922300102
3920.669974657243,219.9257767745754
3922.0980131308406,219.65673432614963
3923.5260516044373,219.38769187772402
3924.954090078035,219.11864942929824
3926.3821285516315,218.84960698087264
3927.810167025229,218.58056453244686
3929.2382054988257,218.31152208402125
3930.666243972423,218.04247963559547
3932.09428244602,217.77343718716986
3933.5223209196174,217.50439473874408
3934.950359393214,217.23535229031847
3936.3783978668116,216.9663098418927
3937.8064363404083,216.6972673934671
3939.234474814006,216.4282249450413
3940.6625132876025,216.1591824966157
3942.0905517612,215.89014004818992
3943.5185902347966,215.6210975997643
3944.946628708394,215.35205515133853
3946.374667181991,215.08301270291292
3947.8027056555884,214.81397025448715
3949.230744129185,214.54492780606154
3950.6587826027826,214.74375276213198
3952.0868210763792,215.48890323765468
3953.514859549977,216.2340537131779
3954.9428980235734,216.97920418870063
3956.370936497171,217.72435466422382
3957.7989749707676,218.46950513974656
3959.227013444365,219.21465561526975
3960.655051917962,219.95980609079248
3962.0830903915594,220.7049565663157
3963.511128865156,221.4501070418384
3964.9391673387536,222.19525751736163
3966.36720581235,222.94040799288436
3967.7952442859473,223.68555846840732
3969.2232827595444,224.43070894393028
3970.6513212331415,225.17585941945325
3972.0793597067386,225.9210098949762
3973.5073981803357,226.66616037049917
3974.935436653933,227.41131084602216
3976.36347512753,228.15646132154512
3977.791513601127,228.90161179706809
3979.219552074724,229.64676227259105
3980.647590548321,230.391912748114
3982.0756290219183,231.13706322363697
3983.5036674955154,231.88221369915993
3984.9317059691125,232.6273641746829
3986.3597444427096,233.3725146502059
3987.7877829163067,234.11766512572885
3989.215821389904,234.8628156012518
3990.643859863501,235.60796607677477
3992.071898337098,236.35311655229773
3993.499936810695,237.0982670278207
3994.927975284292,237.84341750334366
3996.3560137578893,238.58856797886665
3997.7840522314864,239.3337184543896
3999.2120907050835,240.07886892991257
4000.6401291786806,240.550172142796
4002.0681676522777,240.6844077593141
4003.496206125875,240.81864337583224
4004.924244599472,240.95287899235038
4006.352283073069,241.0871146088685
4007.780321546666,241.22135022538663
4009.208360020263,241.35558584190474
4010.6363984938603,241.48982145842288
4012.0644369674574,241.624057074941
4013.4924754410545,241.75829269145913
4014.9205139146516,241.89252830797724
4016.3485523882487,242.02676392449538
4017.7765908618458,242.1609995410135
4019.204629335443,242.29523515753164
4020.63266780904,242.42947077404975
4022.060706282637,242.5637063905679
4023.488744756234,242.69794200708603
4024.9167832298313,242.83217762360414
4026.3448217034284,242.96641324012228
4027.7728601770254,243.1006488566404
4029.2008986506225,243.23488447315853
4030.6289371242196,243.36912008967664
4032.0569755978167,243.50335570619478
4033.485014071414,243.6375913227129
4034.913052545011,243.77182693923103
4036.341091018608,243.90606255574914
4037.769129492205,244.04029817226728
4039.1971679658022,244.17453378878542
4040.6252064393993,244.30876940530354
4042.0532449129964,244.44300502182168
4043.4812833865935,244.5772406383398
4044.9093218601906,244.71147625485793
4046.3373603337877,244.84571187137604
4047.765398807385,244.97994748789418
4049.193437280982,245.1141831044123
4050.621475754579,245.04581762493765
4052.049514228176,244.71451269906314
4053.477552701773,244.38320777318862
4054.9055911753703,244.0519028473141
4056.3336296489674,243.72059792143955
4057.7616681225645,243.38929299556503
4059.1897065961616,243.0579880696905
4060.6177450697587,242.726683143816
4062.045783543356,242.39537821794144
4063.473822016953,242.06407329206692
4064.90186049055,241.7327683661924
4066.329898964147,241.40146344031788
4067.757937437744,241.07015851444334
4069.1859759113413,240.73885358856882
4070.6140143849384,240.4075486626943
4072.0420528585355,240.07624373681978
4073.4700913321326,239.74493881094523
4074.8981298057297,239.4136338850707
4076.326168279327,239.0823289591962
4077.754206752924,238.75102403332167
4079.182245226521,238.41971910744712
4080.610283700118,238.0884141815726
4082.038322173715,237.75710925569808
4083.4663606473123,237.42580432982356
4084.8943991209094,237.09449940394902
4086.3224375945065,236.7631944780745
4087.7504760681036,236.43188955219998
4089.1785145417007,236.10058462632546
4090.606553015298,235.7692797004509
4092.034591488895,235.4379747745764
4093.462629962492,235.10666984870187
4094.890668436089,234.77536492282735
4096.318706909686,234.44405999695292
4097.746745383283,234.11275507107828
4099.174783856881,233.78145014520365
4100.6028223304775,233.71369914221398
4102.030860804074,234.00673263699602
4103.458899277672,234.29976613177823
4104.886937751269,234.59279962656043
4106.314976224866,234.88583312134247
4107.7430146984625,235.1788666161245
4109.17105317206,235.47190011090672
4110.599091645658,235.76493360568895
4112.027130119254,236.05796710047096
4113.455168592851,236.351000595253
4114.883207066448,236.64403409003523
4116.311245540046,236.93706758481744
4117.739284013643,237.23010107959948
4119.167322487239,237.52313457438152
4120.595360960837,237.81616806916372
4122.023399434434,238.10920156394593
4123.451437908031,238.40223505872797
4124.879476381628,238.69526855351
4126.307514855225,238.9883020482922
4127.735553328823,239.28133554307445
4129.163591802419,239.57436903785646
4130.591630276016,239.8674025326385
4132.019668749614,240.1604360274207
4133.447707223211,240.45346952220294
4134.875745696808,240.74650301698497
4136.3037841704045,241.03953651176698
4137.731822644002,241.33257000654922
4139.1598611176,241.62560350133143
4140.587899591196,241.91863699611346
4142.015938064793,242.2116704908955
4143.44397653839,242.5047039856777
4144.872015011988,242.79773748045992
4146.300053485585,243.09077097524195
4147.728091959181,243.383804470024
4149.156130432779,243.6768379648062
4150.584168906376,243.8031496537086
4152.012207379973,243.68862096812617
4153.44024585357,243.57409228254372
4154.868284327167,243.45956359696117
4156.296322800765,243.34503491137866
4157.724361274361,243.2305062257962
4159.152399747958,243.11597754021375
4160.580438221556,243.00144885463124
4162.008476695153,242.88692016904872
4163.43651516875,242.77239148346627
4164.864553642346,242.6578627978838
4166.292592115944,242.5433341123013
4167.7206305895415,242.42880542671875
4169.148669063138,242.31427674113633
4170.576707536735,242.19974805555387
4172.004746010332,242.08521936997136
4173.43278448393,241.9706906843888
4174.860822957527,241.85616199880636
4176.288861431123,241.74163331322393
4177.716899904721,241.6271046276414
4179.144938378318,241.51257594205887
4180.572976851915,241.39804725647642
4182.001015325512,241.28351857089396
4183.429053799109,241.16898988531145
4184.857092272707,241.05446119972893
4186.285130746303,240.93993251414648
4187.7131692199,240.82540382856402
4189.141207693498,240.7108751429815
4190.569246167095,240.59634645739897
4191.997284640692,240.4818177718165
4193.425323114288,240.36728908623408
4194.853361587886,240.25276040065154
4196.2814000614835,240.13823171506903
4197.70943853508,240.02370302948657
4199.137477008677,239.9091743439041
4200.565515482274,239.8109325042111
4201.993553955872,239.73753132666818
4203.421592429469,239.66413014912533
4204.849630903065,239.59072897158245
4206.277669376663,239.51732779403955
4207.70570785026,239.4439266164966
4209.133746323857,239.37052543895376
4210.561784797454,239.2971242614109
4211.989823271051,239.22372308386798
4213.417861744649,239.15032190632508
4214.845900218245,239.0769207287822
4216.273938691842,239.00351955123932
4217.7019771654395,238.93011837369642
4219.130015639037,238.8567171961535
4220.558054112634,238.78331601861063
4221.98609258623,238.70991484106776
4223.414131059828,238.63651366352485
4224.8421695334255,238.56311248598195
4226.270208007022,238.48971130843907
4227.698246480619,238.4163101308962
4229.126284954216,238.3429089533533
4230.554323427814,238.26950777581038
4231.9823619014105,238.1961065982675
4233.410400375007,238.12270542072463
4234.838438848605,238.04930424318172
4236.266477322202,237.97590306563882
4237.694515795799,237.90250188809594
4239.122554269396,237.82910071055306
4240.550592742993,237.75569953301016
4241.978631216591,237.68229835546725
4243.406669690187,237.60889717792438
4244.834708163784,237.53549600038153
4246.2627466373815,237.4620948228386
4247.690785110979,237.3886936452957
4249.118823584576,237.3152924677528
4250.546862058172,237.20765772536836
4251.97490053177,237.04486133937823
4253.402939005367,236.88206495338812
4254.830977478964,236.7192685673981
4256.259015952561,236.55647218140808
4257.687054426158,236.39367579541798
4259.115092899756,236.23087940942784
4260.5431313733525,236.06808302343782
4261.971169846949,235.9052866374478
4263.399208320547,235.7424902514577
4264.827246794144,235.57969386546756
4266.255285267741,235.41689747947754
4267.6833237413375,235.25410109348752
4269.111362214935,235.09130470749741
4270.539400688533,234.92850832150728
4271.967439162129,234.76571193551726
4273.395477635726,234.60291554952724
4274.8235161093235,234.44011916353713
4276.251554582921,234.277322777547
4277.679593056518,234.11452639155698
4279.107631530114,233.95173000556696
4280.535670003712,233.78893361957685
4281.963708477309,233.62613723358672
4283.391746950906,233.4633408475967
4284.819785424503,233.3005444616067
4286.2478238981,233.13774807561657
4287.675862371698,232.97495168962644
4289.103900845294,232.81215530363642
4290.531939318891,232.64935891764642
4291.959977792489,232.4865625316563
4293.388016266086,232.32376614566616
4294.816054739683,232.16096975967616
4296.2440932132795,231.99817337368614
4297.672131686877,231.835376987696
4299.100170160475,231.6725806017059
4300.528208634071,231.47481680414035
4301.956247107668,231.21748427119823
4303.384285581265,230.96015173825597
4304.812324054863,230.7028192053137
4306.24036252846,230.44548667237157
4307.668401002056,230.18815413942946
4309.096439475654,229.93082160648717
4310.524477949251,229.67348907354489
4311.952516422848,229.41615654060277
4313.380554896445,229.15882400766066
4314.808593370042,228.9014914747184
4316.23663184364,228.6441589417761
4317.664670317236,228.386826408834
4319.092708790833,228.12949387589188
4320.520747264431,227.8721613429496
4321.948785738028,227.6148288100073
4323.376824211625,227.3574962770652
4324.804862685221,227.10016374412308
4326.232901158819,226.84283121118082
4327.660939632417,226.58549867823854
4329.088978106013,226.32816614529642
4330.51701657961,226.0708336123543
4331.945055053207,225.81350107941202
4333.373093526805,225.55616854646973
4334.801132000402,225.29883601352762
4336.229170473998,225.0415034805855
4337.657208947596,224.78417094764325
4339.085247421193,224.52683841470096
4340.51328589479,224.26950588175885
4341.941324368387,224.01217334881673
4343.369362841984,223.75484081587445
4344.797401315582,223.4975082829322
4346.225439789178,223.24017574999004
4347.653478262775,222.98284321704796
4349.081516736373,222.72551068410567
4350.50955520997,222.67821680871307
4351.937593683567,223.00952173458748
4353.365632157163,223.34082666046191
4354.793670630761,223.67213158633655
4356.2217091043585,224.00343651221118
4357.649747577955,224.3347414380856
4359.077786051552,224.66604636396002
4360.505824525149,224.99735128983465
4361.933862998747,225.3286562157093
4363.361901472344,225.6599611415837
4364.78993994594,225.99126606745813
4366.217978419538,226.32257099333276
4367.646016893135,226.6538759192074
4369.074055366732,226.9851808450818
4370.502093840329,227.31648577095623
4371.930132313926,227.64779069683087
4373.358170787524,227.9790956227055
4374.78620926112,228.3104005485799
4376.214247734717,228.64170547445434
4377.6422862083145,228.97301040032897
4379.070324681912,229.3043153262036
4380.498363155509,229.635620252078
4381.926401629105,229.96692517795245
4383.354440102703,230.29823010382708
4384.7824785763005,230.6295350297017
4386.210517049897,230.96083995557615
4387.638555523494,231.29214488145055
4389.066593997091,231.6234498073252
4390.494632470689,231.95475473319982
4391.9226709442855,232.28605965907423
4393.350709417882,232.61736458494866
4394.77874789148,232.9486695108233
4396.206786365077,233.27997443669793
4397.634824838674,233.61127936257233
4399.062863312271,233.94258428844677
4400.490901785868,234.1652035589302
4401.918940259466,234.18034076675033
4403.346978733062,234.19547797457045
4404.775017206659,234.21061518239057
4406.2030556802565,234.22575239021072
4407.631094153854,234.24088959803086
4409.059132627451,234.25602680585098
4410.487171101047,234.2711640136711
4411.915209574645,234.28630122149124
4413.3432480482425,234.30143842931136
4414.771286521839,234.31657563713148
4416.199324995436,234.33171284495162
4417.627363469033,234.34685005277174
4419.055401942631,234.3619872605919
4420.4834404162275,234.377124468412
4421.911478889824,234.39226167623212
4423.339517363422,234.40739888405227
4424.767555837019,234.4225360918724
4426.195594310616,234.43767329969253
4427.6236327842125,234.45281050751265
4429.05167125781,234.4679477153328
4430.479709731408,234.48308492315292
4431.907748205004,234.49822213097303
4433.335786678601,234.51335933879318
4434.7638251521985,234.5284965466133
4436.191863625796,234.54363375443344
4437.619902099393,234.55877096225356
4439.047940572989,234.57390817007368
4440.475979046587,234.58904537789383
4441.904017520184,234.60418258571394
4443.332055993781,234.6193197935341
4444.760094467378,234.6344570013542
4446.188132940975,234.64959420917432
4447.616171414573,234.66473141699447
4449.0442098881695,234.6798686248146
4450.472248361766,234.70586754495534
4451.900286835364,234.75384963766822
4453.328325308961,234.80183173038108
4454.756363782558,234.84981382309394
4456.1844022561545,234.8977959158068
4457.612440729752,234.94577800851968
4459.04047920335,234.99376010123254
4460.468517676946,235.0417421939454
4461.896556150543,235.08972428665825
4463.32459462414,235.1377063793711
4464.752633097738,235.185688472084
4466.180671571335,235.23367056479685
4467.608710044931,235.28165265750968
4469.036748518529,235.32963475022257
4470.464786992126,235.37761684293545
4471.892825465723,235.42559893564828
4473.32086393932,235.47358102836114
4474.748902412917,235.52156312107402
4476.176940886515,235.5695452137869
4477.604979360111,235.61752730649974
4479.033017833708,235.6655093992126
4480.461056307306,235.71349149192548
4481.889094780903,235.76147358463834
4483.3171332545,235.8094556773512
4484.7451717280965,235.85743777006405
4486.173210201694,235.9054198627769
4487.601248675292,235.9534019554898
4489.029287148888,236.00138404820265
4490.457325622485,236.04936614091548
4491.885364096082,236.09734823362837
4493.31340256968,236.14533032634125
4494.741441043277,236.1933124190541
4496.169479516873,236.24129451176694
4497.597517990471,236.28927660447982
4499.025556464068,236.3372586971927
4500.453594937665,236.34840888096716
4501.881633411262,236.28043424962394
4503.309671884859,236.21245961828072
4504.737710358457,236.14448498693747
4506.165748832053,236.07651035559425
4507.59378730565,236.00853572425106
4509.021825779248,235.9405610929078
4510.449864252845,235.87258646156457
4511.877902726442,235.80461183022138
4513.305941200038,235.73663719887819
4514.733979673636,235.66866256753494
4516.1620181472335,235.6006879361917
4517.59005662083,235.5327133048485
4519.018095094427,235.46473867350528
4520.446133568024,235.39676404216203
4521.874172041622,235.3287894108188
4523.302210515219,235.2608147794756
4524.730248988815,235.1928401481324
4526.158287462413,235.12486551678916
4527.58632593601,235.0568908854459
4529.014364409607,234.98891625410272
4530.442402883204,234.92094162275953
4531.870441356801,234.85296699141628
4533.298479830399,234.78499236007303
4534.726518303995,234.71701772872981
4536.154556777592,234.64904309738662
4537.58259525119,234.58106846604338
4539.010633724787,234.51309383470013
4540.438672198384,234.44511920335694
4541.86671067198,234.37714457201375
4543.294749145578,234.3091699406705
4544.7227876191755,234.24119530932725
4546.150826092772,234.17322067798406
4547.578864566369,234.10524604664084
4549.006903039966,234.03727141529762
4550.434941513564,233.98304093578298
4551.8629799871605,233.96019232020544
4553.291018460757,233.9373437046279
4554.719056934355,233.91449508905032
4556.147095407952,233.89164647347278
4557.575133881549,233.86879785789523
4559.003172355146,233.8459492423177
4560.431210828743,233.8231006267401
4561.859249302341,233.80025201116254
4563.287287775937,233.777403395585
4564.715326249534,233.75455478000745
4566.1433647231315,233.7317061644299
4567.571403196729,233.70885754885234
4568.999441670326,233.6860089332748
4570.427480143922,233.66316031769725
4571.85551861752,233.64031170211967
4573.2835570911175,233.61746308654213
4574.711595564714,233.5946144709646
4576.139634038311,233.57176585538704
4577.567672511908,233.54891723980947
4578.995710985506,233.5260686242319
4580.4237494591025,233.50322000865435
4581.851787932699,233.4803713930768
4583.279826406297,233.45752277749926
4584.707864879894,233.4346741619217
4586.135903353491,233.41182554634415
4587.563941827088,233.3889769307666
4588.991980300685,233.36612831518903
4590.420018774283,233.3432796996115
4591.848057247879,233.32043108403394
4593.276095721476,233.2975824684564
4594.7041341950735,233.27473385287882
4596.132172668671,233.25188523730125
4597.560211142268,233.2290366217237
4598.988249615864,233.20618800614616
4600.416288089462,233.17842719111295
4601.844326563059,233.13872772154696
4603.272365036656,233.09902825198097
4604.700403510253,233.05932878241498
4606.12844198385,233.01962931284896
4607.556480457448,232.97992984328295
4608.9845189310445,232.94023037371696
4610.412557404641,232.90053090415097
4611.840595878239,232.86083143458495
4613.268634351836,232.82113196501896
4614.696672825433,232.78143249545298
4616.1247112990295,232.741733025887
4617.552749772627,232.70203355632097
4618.980788246225,232.66233408675495
4620.408826719821,232.62263461718896
4621.836865193418,232.58293514762298
4623.2649036670155,232.543235678057
4624.692942140613,232.50353620849097
4626.12098061421,232.46383673892498
4627.549019087806,232.424137269359
4628.977057561404,232.38443779979298
4630.405096035001,232.34473833022696
4631.833134508598,232.30503886066097
4633.261172982195,232.26533939109498
4634.689211455792,232.225639921529
4636.11724992939,232.18594045196298
4637.545288402986,232.146240982397
4638.973326876583,232.106541512831
4640.401365350181,232.06684204326498
4641.829403823778,232.02714257369897
4643.257442297375,231.98744310413298
4644.6854807709715,231.947743634567
4646.113519244569,231.908044165001
4647.541557718167,231.86834469543498
4648.969596191763,231.828645225869
4650.39763466536,231.7895024448345
4651.825673138957,231.75180222913153
4653.253711612555,231.71410201342857
4654.681750086152,231.67640179772562
4656.109788559748,231.63870158202266
4657.537827033346,231.60100136631968
4658.965865506943,231.5633011506167
4660.39390398054,231.52560093491374
4661.821942454137,231.48790071921078
4663.249980927734,231.45020050350783
4664.678019401332,231.41250028780485
4666.106057874928,231.3748000721019
4667.534096348525,231.33709985639894
4668.962134822123,231.29939964069595
4670.39017329572,231.261699424993
4671.818211769317,231.22399920929004
4673.246250242913,231.1862989935871
4674.674288716511,231.1485987778841
4676.102327190109,231.11089856218115
4677.530365663705,231.0731983464782
4678.958404137302,231.03549813077524
4680.386442610899,230.99779791507225
4681.814481084497,230.96009769936927
4683.242519558094,230.92239748366632
4684.67055803169,230.88469726796336
4686.098596505288,230.8469970522604
4687.526634978885,230.80929683655742
4688.954673452482,230.77159662085447
4690.382711926079,230.7338964051515
4691.810750399676,230.69619618944853
4693.238788873274,230.65849597374557
4694.66682734687,230.62079575804262
4696.094865820467,230.58309554233966
4697.522904294065,230.54539532663668
4698.950942767661,230.50769511093372
4700.378981241259,230.46878215525874
4701.807019714855,230.42651221644027
4703.235058188453,230.38424227762178
4704.66309666205,230.34197233880332
4706.091135135647,230.29970239998482
4707.519173609244,230.2574324611664
4708.947212082841,230.2151625223479
4710.375250556438,230.17289258352943
4711.803289030036,230.13062264471094
4713.231327503632,230.08835270589248
4714.65936597723,230.04608276707398
4716.087404450826,230.00381282825552
4717.515442924424,229.96154288943706
4718.943481398021,229.9192729506186
4720.371519871618,229.8770030118001
4721.799558345215,229.83473307298163
4723.227596818812,229.79246313416314
4724.655635292409,229.75019319534468
4726.0836737660065,229.70792325652621
4727.511712239603,229.66565331770775
4728.939750713201,229.62338337888926
4730.367789186797,229.5811134400708
4731.795827660395,229.5388435012523
4733.223866133992,229.49657356243384
4734.651904607589,229.45430362361535
4736.079943081186,229.4120336847969
4737.507981554783,229.36976374597842
4738.93602002838,229.32749380715995
4740.3640585019775,229.28522386834146
4741.792096975574,229.242953929523
4743.220135449172,229.2006839907045
4744.648173922768,229.15841405188607
4746.076212396366,229.11614411306758
4747.504250869963,229.0738741742491
4748.93228934356,229.03160423543062
4750.360327817157,228.98378524822795
4751.788366290754,228.91952351691606
4753.216404764351,228.8552617856042
4754.6444432379485,228.7910000542923
4756.072481711545,228.72673832298048
4757.500520185143,228.66247659166856
4758.928558658739,228.59821486035673
4760.356597132337,228.53395312904485
4761.7846356059335,228.469691397733
4763.212674079531,228.4054296664211
4764.640712553128,228.34116793510924
4766.068751026725,228.27690620379735
4767.496789500322,228.21264447248552
4768.9248279739195,228.14838274117363
4770.352866447516,228.08412100986178
4771.780904921114,228.0198592785499
4773.20894339471,227.95559754723803
4774.636981868308,227.89133581592614
4776.0650203419045,227.8270740846143
4777.493058815502,227.7628123533024
4778.921097289099,227.69855062199056
4780.349135762696,227.63428889067868
4781.777174236293,227.57002715936682
4783.2052127098905,227.50576542805493
4784.633251183487,227.44150369674307
4786.061289657085,227.37724196543118
4787.489328130681,227.31298023411935
4788.917366604279,227.24871850280746
4790.3454050778755,227.1844567714956
4791.773443551473,227.12019504018372
4793.20148202507,227.05593330887186
4794.629520498667,226.99167157755997
4796.057558972264,226.9274098462481
4797.4855974458615,226.86314811493622
4798.913635919458,226.7988863836244
4800.341674393056,226.66191634147026
4801.769712866652,226.29376802297705
4803.19775134025,225.92561970448358
4804.6257898138465,225.55747138599037
4806.053828287444,225.18932306749693
4807.481866761041,224.82117474900372
4808.909905234638,224.45302643051025
4810.337943708235,224.08487811201704
4811.765982181832,223.7167297935236
4813.194020655429,223.3485814750304
4814.622059129027,222.98043315653695
4816.050097602623,222.61228483804373
4817.478136076221,222.24413651955027
4818.9061745498175,221.87598820105705
4820.334213023415,221.50783988256362
4821.762251497012,221.1396915640704
4823.190289970609,220.77154324557694
4824.618328444206,220.40339492708372
4826.046366917803,220.03524660859028
4827.4744053914,219.66709829009707
4828.902443864998,219.29894997160363
4830.330482338594,218.9308016531104
4831.758520812192,218.56265333461695
4833.1865592857885,218.19450501612374
4834.614597759386,217.8263566976303
4836.042636232983,217.4582083791371
4837.47067470658,217.09006006064362
4838.898713180177,216.7219117421504
4840.326751653774,216.35376342365697
4841.754790127371,215.98561510516376
4843.182828600969,215.6174667866703
4844.610867074565,215.24931846817708
4846.038905548163,214.88117014968364
4847.466944021759,214.51302183119043
4848.894982495357,214.144873512697
4850.323020968954,213.91943585828747
4851.751059442551,214.18219493742944
4853.179097916148,214.44495401657122
4854.607136389745,214.70771309571316
4856.035174863342,214.97047217485493
4857.46321333694,215.2332312539969
4858.891251810536,215.49599033313868
4860.319290284134,215.75874941228062
4861.74732875773,216.02150849142242
4863.175367231328,216.28426757056437
4864.603405704925,216.54702664970614
4866.031444178522,216.80978572884808
4867.459482652119,217.07254480798989
4868.887521125716,217.33530388713183
4870.315559599313,217.5980629662736
4871.743598072911,217.86082204541555
4873.171636546507,218.12358112455735
4874.599675020105,218.3863402036993
4876.027713493701,218.64909928284106
4877.455751967299,218.911858361983
4878.883790440896,219.1746174411248
4880.311828914493,219.43737652026675
4881.73986738809,219.70013559940853
4883.167905861687,219.96289467855047
4884.595944335284,220.22565375769227
4886.023982808882,220.48841283683421
4887.452021282478,220.751171915976
4888.880059756076,221.01393099511793
4890.308098229672,221.27669007425973
4891.73613670327,221.53944915340168
4893.164175176867,221.80220823254345
4894.592213650464,222.0649673116854
4896.020252124061,222.3277263908272
4897.448290597658,222.59048546996914
4898.876329071255,222.8532445491109
4900.3043675448525,223.0637132840472
4901.732406018449,223.08113535342508
4903.160444492047,223.09855742280297
4904.588482965643,223.11597949218086
4906.016521439241,223.13340156155874
4907.444559912838,223.15082363093663
4908.872598386435,223.16824570031451
4910.300636860032,223.1856677696924
4911.728675333629,223.2030898390703
4913.156713807226,223.22051190844815
4914.5847522808235,223.23793397782603
4916.01279075442,223.25535604720392
4917.440829228018,223.2727781165818
4918.868867701614,223.2902001859597
4920.296906175212,223.30762225533758
4921.7249446488095,223.32504432471546
4923.152983122406,223.34246639409335
4924.581021596003,223.35988846347124
4926.0090600696,223.37731053284912
4927.437098543198,223.394732602227
4928.8651370167945,223.4121546716049
4930.293175490391,223.42957674098275
4931.721213963989,223.44699881036067
4933.149252437586,223.46442087973855
4934.577290911183,223.4818429491164
4936.0053293847795,223.4992650184943
4937.433367858377,223.51668708787219
4938.861406331975,223.53410915725007
4940.289444805571,223.55153122662796
4941.717483279168,223.56895329600584
4943.1455217527655,223.58637536538373
4944.573560226363,223.60379743476162
4946.00159869996,223.6212195041395
4947.429637173556,223.63864157351736
4948.857675647154,223.65606364289528
4950.285714120751,223.65268572428246
4951.713752594348,223.5661465927825
4953.141791067945,223.47960746128254
4954.569829541542,223.39306832978252
4955.99786801514,223.3065291982825
4957.4259064887365,223.21999006678254
4958.853944962333,223.1334509352826
4960.281983435931,223.0469118037826
4961.710021909528,222.96037267228257
4963.138060383125,222.8738335407826
4964.5660988567215,222.78729440928265
4965.994137330319,222.70075527778266
4967.422175803917,222.61421614628264
4968.850214277513,222.52767701478268
4970.27825275111,222.44113788328272
4971.7062912247075,222.3545987517827
4973.134329698305,222.2680596202827
4974.562368171902,222.18152048878275
4975.990406645498,222.0949813572828
4977.418445119096,222.00844222578277
4978.846483592693,221.92190309428275
4980.27452206629,221.83536396278282
4981.702560539887,221.74882483128286
4983.130599013484,221.66228569978284
4984.558637487082,221.57574656828282
4985.986675960678,221.48920743678286
4987.414714434275,221.40266830528293
4988.842752907873,221.3161291737829
4990.27079138147,221.2295900422829
4991.698829855067,221.14305091078293
4993.1268683286635,221.05651177928297
4994.554906802261,220.96997264778298
4995.982945275859,220.88343351628296
4997.410983749455,220.796894384783
4998.839022223052,220.71035525328304
5000.267060696649,220.62851639004407
5001.695099170247,220.56711073567936
5003.123137643844,220.50570508131472
5004.55117611744,220.44429942695007
5005.979214591038,220.38289377258536
5007.407253064635,220.32148811822066
5008.835291538232,220.260082463856
5010.263330011829,220.19867680949136
5011.691368485426,220.13727115512665
5013.119406959024,220.07586550076198
5014.54744543262,220.01445984639733
5015.975483906217,219.95305419203265
5017.403522379815,219.89164853766798
5018.831560853412,219.83024288330327
5020.259599327009,219.76883722893862
5021.687637800605,219.70743157457397
5023.115676274203,219.64602592020927
5024.543714747801,219.58462026584456
5025.971753221397,219.52321461147991
5027.399791694994,219.46180895711527
5028.827830168591,219.40040330275056
5030.255868642189,219.33899764838588
5031.683907115786,219.2775919940212
5033.111945589382,219.21618633965656
5034.53998406298,219.15478068529188
5035.968022536577,219.09337503092718
5037.396061010174,219.03196937656253
5038.824099483771,218.97056372219788
5040.252137957368,218.90915806783318
5041.680176430966,218.84775241346847
5043.108214904562,218.78634675910382
5044.536253378159,218.72494110473917
5045.964291851757,218.66353545037447
5047.392330325354,218.6021297960098
5048.820368798951,218.54072414164511
5050.248407272547,218.4826471447326
5051.676445746145,218.44037720591413
5053.1044842197425,218.39810726709564
5054.532522693339,218.35583732827718
5055.960561166936,218.3135673894587
5057.388599640533,218.27129745064022
5058.816638114131,218.22902751182173
5060.244676587728,218.18675757300326
5061.672715061324,218.1444876341848
5063.100753534922,218.10221769536633
5064.528792008518,218.05994775654787
5065.956830482115,218.0176778177294
5067.384868955713,217.97540787891091
5068.81290742931,217.93313794009242
5070.240945902907,217.89086800127396
5071.668984376503,217.8485980624555
5073.097022850101,217.806328123637
5074.5250613236985,217.7640581848185
5075.953099797295,217.72178824600007
5077.381138270892,217.6795183071816
5078.809176744489,217.63724836836312
5080.237215218087,217.59497842954462
5081.665253691684,217.55270849072616
5083.09329216528,217.5104385519077
5084.521330638878,217.4681686130892
5085.949369112475,217.42589867427074
5087.377407586072,217.38362873545228
5088.805446059669,217.3413587966338
5090.233484533266,217.29908885781532
5091.661523006864,217.25681891899683
5093.08956148046,217.21454898017836
5094.517599954057,217.1722790413599
5095.945638427655,217.1300091025414
5097.373676901252,217.08773916372292
5098.801715374849,217.04546922490448
5100.229753848445,217.00251002454067
5101.657792322043,216.9559559703014
5103.0858307956405,216.9094019160621
5104.513869269237,216.86284786182287
5105.941907742834,216.8162938075836
5107.369946216431,216.76973975334434
5108.797984690029,216.72318569910504
5110.2260231636255,216.6766316448658
5111.654061637222,216.63007759062654
5113.08210011082,216.58352353638728
5114.510138584417,216.53696948214798
5115.938177058014,216.49041542790874
5117.366215531611,216.44386137366948
5118.794254005208,216.3973073194302
5120.222292478806,216.35075326519092
5121.650330952402,216.30419921095168
5123.078369425999,216.2576451567124
5124.5064078995965,216.21109110247315
5125.934446373194,216.16453704823385
5127.362484846791,216.11798299399462
5128.790523320387,216.07142893975538
5130.218561793985,216.02487488551608
5131.6466002675825,215.97832083127682
5133.074638741179,215.93176677703755
5134.502677214776,215.88521272279831
5135.930715688373,215.83865866855902
5137.358754161971,215.79210461431975
5138.7867926355675,215.7455505600805
5140.214831109164,215.69899650584125
5141.642869582762,215.65244245160196
5143.070908056359,215.6058883973627
5144.498946529956,215.55933434312342
5145.9269850035525,215.5127802888842
5147.35502347715,215.4662262346449
5148.783061950748,215.41967218040563
5150.211100424344,215.37083824158344
5151.639138897941,215.30886137182935
5153.0671773715385,215.24688450207523
5154.495215845136,215.18490763232109
5155.923254318733,215.122930762567
5157.351292792329,215.0609538928129
5158.779331265927,214.99897702305876
5160.207369739524,214.93700015330464
5161.635408213121,214.87502328355055
5163.063446686718,214.81304641379646
5164.491485160315,214.7510695440423
5165.919523633913,214.6890926742882
5167.3475621075095,214.6271158045341
5168.775600581106,214.56513893477998
5170.203639054704,214.50316206502586
5171.631677528301,214.44118519527171
5173.059716001898,214.37920832551762
5174.4877544754945,214.31723145576353
5175.915792949092,214.2552545860094
5177.34383142269,214.19327771625527
5178.771869896286,214.13130084650118
5180.199908369883,214.06932397674709
5181.6279468434805,214.00734710699294
5183.055985317078,213.94537023723882
5184.484023790675,213.88339336748473
5185.912062264271,213.82141649773064
5187.340100737869,213.7594396279765
5188.768139211466,213.69746275822237
5190.196177685063,213.63548588846828
5191.62421615866,213.57350901871416
5193.052254632257,213.51153214896004
5194.480293105855,213.4495552792059
5195.908331579451,213.3875784094518
5197.336370053048,213.32560153969771
5198.764408526646,213.2636246699436
5200.192447000243,213.20792157239737
5201.62048547384,213.19249875688254
5203.0485239474365,213.1770759413677
5204.476562421034,213.16165312585284
5205.904600894632,213.14623031033798
5207.332639368228,213.13080749482313
5208.760677841825,213.1153846793083
5210.188716315422,213.09996186379345
5211.61675478902,213.0845390482786
5213.044793262617,213.06911623276375
5214.472831736213,213.0536934172489
5215.900870209811,213.03827060173404
5217.328908683408,213.0228477862192
5218.756947157005,213.00742497070434
5220.184985630602,212.9920021551895
5221.613024104199,212.97657933967466
5223.041062577797,212.9611565241598
5224.469101051393,212.94573370864495
5225.89713952499,212.9303108931301
5227.325177998588,212.91488807761525
5228.753216472185,212.8994652621004
5230.181254945782,212.88404244658554
5231.609293419378,212.86861963107071
5233.037331892976,212.85319681555586
5234.465370366574,212.837774000041
5235.89340884017,212.82235118452616
5237.321447313767,212.8069283690113
5238.749485787364,212.79150555349645
5240.177524260962,212.7760827379816
5241.605562734559,212.76065992246677
5243.033601208155,212.74523710695192
5244.461639681753,212.72981429143707
5245.88967815535,212.7143914759222
5247.317716628947,212.69896866040736
5248.745755102544,212.6835458448925
5250.173793576141,212.6689224798279
5251.601832049739,212.66006864129162
5253.029870523335,212.6512148027553
5254.457908996932,212.64236096421902
5255.88594747053,212.6335071256827
5257.313985944127,212.6246532871464
5258.742024417724,212.61579944861012
5260.17006289132,212.6069456100738
5261.598101364918,212.5980917715375
5263.0261398385155,212.5892379330012
5264.454178312112,212.5803840944649
5265.882216785709,212.5715302559286
5267.310255259306,212.5626764173923
5268.738293732904,212.553822578856
5270.166332206501,212.5449687403197
5271.594370680097,212.5361149017834
5273.022409153695,212.5272610632471
5274.450447627292,212.51840722471078
5275.878486100889,212.5095533861745
5277.306524574486,212.5006995476382
5278.734563048083,212.49184570910188
5280.162601521681,212.48299187056557
5281.590639995277,212.4741380320293
5283.018678468874,212.46528419349298
5284.4467169424715,212.4564303549567
5285.874755416069,212.44757651642038
5287.302793889666,212.43872267788407
5288.730832363262,212.4298688393478
5290.15887083686,212.42101500081148
5291.5869093104575,212.41216116227517
5293.014947784054,212.4033073237389
5294.442986257651,212.39445348520258
5295.871024731248,212.38559964666626
5297.299063204846,212.37674580812995
5298.7271016784425,212.36789196959367
5300.155140152039,212.35373233785762
5301.583178625637,212.29603958352428
5303.011217099234,212.23834682919096
5304.439255572831,212.18065407485764
5305.867294046428,212.12296132052433
5307.295332520025,212.065268566191
5308.723370993623,212.00757581185766
5310.151409467219,211.94988305752435
5311.579447940816,211.89219030319106
5313.0074864144135,211.8344975488577
5314.435524888011,211.77680479452437
5315.863563361608,211.71911204019105
5317.291601835204,211.66141928585776
5318.719640308802,211.60372653152442
5320.147678782399,211.54603377719107
5321.575717255996,211.48834102285775
5323.003755729593,211.43064826852446
5324.43179420319,211.37295551419112
5325.859832676788,211.31526275985777
5327.2878711503845,211.25757000552449
5328.715909623981,211.19987725119117
5330.143948097579,211.14218449685782
5331.571986571176,211.08449174252448
5333.000025044773,211.0267989881912
5334.4280635183695,210.96910623385787
5335.856101991967,210.91141347952453
5337.284140465565,210.85372072519118
5338.712178939161,210.7960279708579
5340.140217412758,210.73833521652458
5341.5682558863555,210.68064246219123
5342.996294359953,210.6229497078579
5344.42433283355,210.5652569535246
5345.852371307146,210.50756419919128
5347.280409780744,210.44987144485796
5348.708448254341,210.39217869052462
5350.136486727938,210.33462242291924
5351.564525201535,210.27835770705954
5352.992563675132,210.2220929911998
5354.42060214873,210.16582827534006
5355.8486406223265,210.10956355948034
5357.276679095923,210.05329884362064
5358.704717569521,209.99703412776088
5360.132756043118,209.94076941190116
5361.560794516715,209.88450469604143
5362.9888329903115,209.82823998018173
5364.416871463909,209.77197526432198
5365.844909937507,209.71571054846225
5367.272948411103,209.65944583260253
5368.7009868847,209.60318111674283
5370.129025358297,209.54691640088308
5371.557063831895,209.49065168502335
5372.985102305492,209.43438696916363
5374.413140779088,209.37812225330393
5375.841179252686,209.32185753744417
5377.269217726283,209.26559282158445
5378.69725619988,209.20932810572472
5380.125294673477,209.15306338986503
5381.553333147074,209.09679867400527
5382.981371620672,209.04053395814555
5384.409410094268,208.98426924228582
5385.837448567865,208.92800452642612
5387.265487041463,208.87173981056637
5388.69352551506,208.81547509470664
5390.121563988657,208.75921037884692
5391.5496024622535,208.70294566298722
5392.977640935851,208.64668094712746
5394.405679409449,208.59041623126774
5395.833717883045,208.534151515408
5397.261756356642,208.47788679954832
5398.689794830239,208.42162208368856
5400.117833303837,208.36728983401176
5401.545871777434,208.33444494911902
5402.97391025103,208.3016000642263
5404.401948724628,208.26875517933357
5405.829987198225,208.23591029444083
5407.258025671822,208.2030654095481
5408.686064145419,208.17022052465538
5410.114102619016,208.13737563976264
5411.542141092614,208.1045307548699
5412.97017956621,208.07168586997716
5414.398218039807,208.03884098508445
5415.826256513405,208.0059961001917
5417.254294987002,207.97315121529894
5418.682333460599,207.94030633040623
5420.110371934195,207.90746144551352
5421.538410407793,207.87461656062075
5422.9664488813905,207.841771675728
5424.394487354987,207.8089267908353
5425.822525828584,207.77608190594256
5427.250564302181,207.74323702104982
5428.678602775779,207.71039213615708
5430.106641249376,207.67754725126437
5431.534679722972,207.64470236637163
5432.96271819657,207.6118574814789
5434.390756670167,207.57901259658615
5435.818795143764,207.54616771169344
5437.246833617361,207.5133228268007
5438.674872090958,207.48047794190796
5440.102910564556,207.44763305701522
5441.530949038152,207.41478817212248
5442.958987511749,207.38194328722977
5444.387025985347,207.34909840233703
5445.815064458944,207.3162535174443
5447.243102932541,207.28340863255156
5448.671141406137,207.25056374765884
5450.099179879735,207.2174213231269
5451.5272183533325,207.18029232281336
5452.955256826929,207.14316332249984
5454.383295300526,207.10603432218633
5455.811333774123,207.0689053218728
5457.239372247721,207.03177632155925
5458.6674107213175,206.99464732124574
5460.095449194914,206.95751832093222
5461.523487668512,206.92038932061868
5462.951526142109,206.88326032030514
5464.379564615706,206.84613131999163
5465.807603089303,206.80900231967811
5467.2356415629,206.7718733193646
5468.663680036498,206.73474431905106
5470.091718510094,206.69761531873755
5471.519756983691,206.66048631842403
5472.9477954572885,206.6233573181105
5474.375833930886,206.58622831779695
5475.803872404483,206.54909931748344
5477.231910878079,206.51197031716993
5478.659949351677,206.47484131685638
5480.0879878252745,206.43771231654284
5481.516026298871,206.40058331622933
5482.944064772468,206.36345431591582
5484.372103246065,206.3263253156023
5485.800141719663,206.28919631528876
5487.2281801932595,206.25206731497525
5488.656218666856,206.21493831466174
5490.084257140454,206.1778093143482
5491.512295614051,206.14068031403465
5492.940334087648,206.10355131372114
5494.3683725612445,206.06642231340763
5495.796411034842,206.0292933130941
5497.22444950844,205.99216431278055
5498.652487982036,205.95503531246703
5500.080526455633,205.91524893911765
5501.5085649292305,205.8309946691754
5502.936603402828,205.74674039923315
5504.364641876425,205.66248612929093
5505.792680350021,205.57823185934873
5507.220718823619,205.49397758940648
5508.648757297216,205.4097233194642
5510.076795770813,205.325469049522
5511.50483424441,205.24121477957982
5512.932872718007,205.15696050963757
5514.360911191605,205.0727062396953
5515.7889496652015,204.9884519697531
5517.216988138798,204.9041976998109
5518.645026612396,204.81994342986866
5520.073065085993,204.73568915992638
5521.50110355959,204.6514348899842
5522.9291420331865,204.567180620042
5524.357180506784,204.48292635009975
5525.785218980382,204.39867208015747
5527.213257453978,204.31441781021528
5528.641295927575,204.23016354027308
5530.0693344011725,204.14590927033083
5531.49737287477,204.06165500038855
5532.925411348367,203.97740073044636
5534.353449821963,203.89314646050417
5535.781488295561,203.8088921905619
5537.209526769158,203.72463792061964
5538.637565242755,203.64038365067745
5540.065603716352,203.55612938073526
5541.493642189949,203.47187511079298
5542.921680663547,203.38762084085073
5544.349719137143,203.30336657090854
5545.77775761074,203.21911230096634
5547.205796084338,203.13485803102407
5548.633834557935,203.05060376108182
5550.061873031532,202.96827992972342
5551.4899115051285,202.92858046015743
5552.917949978726,202.88888099059142
5554.345988452324,202.8491815210254
5555.77402692592,202.8094820514594
5557.202065399517,202.76978258189342
5558.630103873114,202.7300831123274
5560.058142346712,202.69038364276142
5561.486180820309,202.65068417319543
5562.914219293905,202.61098470362944
5564.342257767503,202.57128523406342
5565.7702962411,202.5315857644974
5567.198334714697,202.49188629493142
5568.626373188294,202.45218682536543
5570.054411661891,202.41248735579944
5571.482450135489,202.37278788623343
5572.910488609085,202.33308841666744
5574.338527082682,202.29338894710145
5575.76656555628,202.25368947753543
5577.194604029877,202.21399000796941
5578.622642503474,202.17429053840343
5580.05068097707,202.13459106883744
5581.478719450668,202.09489159927145
5582.906757924266,202.05519212970543
5584.334796397862,202.01549266013944
5585.762834871459,201.97579319057346
5587.190873345056,201.93609372100744
5588.618911818654,201.89639425144142
5590.046950292251,201.85669478187543
5591.474988765847,201.81699531230944
5592.903027239445,201.77729584274346
5594.331065713042,201.73759637317744
5595.759104186639,201.69789690361145
5597.187142660236,201.65819743404546
5598.615181133833,201.61849796447945
5600.043219607431,201.57771800472767
5601.471258081027,201.50231757332176
5602.899296554624,201.42691714191585
5604.327335028222,201.3515167105099
5605.755373501819,201.27611627910397
5607.183411975416,201.20071584769806
5608.611450449012,201.12531541629215
5610.03948892261,201.04991498488621
5611.4675273962075,200.97451455348025
5612.895565869804,200.89911412207434
5614.323604343401,200.82371369066846
5615.751642816998,200.7483132592625
5617.179681290596,200.67291282785655
5618.607719764193,200.59751239645064
5620.035758237789,200.52211196504473
5621.463796711387,200.4467115336388
5622.891835184984,200.37131110223282
5624.319873658581,200.29591067082694
5625.747912132178,200.22051023942103
5627.175950605775,200.14510980801506
5628.603989079373,200.06970937660913
5630.032027552969,199.99430894520322
5631.460066026566,199.9189085137973
5632.8881045001635,199.84350808239137
5634.316142973761,199.76810765098543
5635.744181447358,199.69270721957952
5637.172219920954,199.6173067881736
5638.600258394552,199.54190635676767
5640.0282968681495,199.4665059253617
5641.456335341746,199.3911054939558
5642.884373815343,199.3157050625499
5644.31241228894,199.24030463114394
5645.740450762538,199.164904199738
5647.1684892361345,199.0895037683321
5648.596527709731,199.01410333692618
5650.024566183329,198.93829510687698
5651.452604656926,198.83918923680932
5652.880643130523,198.74008336674171
5654.30868160412,198.6409774966741
5655.736720077717,198.54187162660642
5657.164758551315,198.44276575653876
5658.592797024911,198.34365988647116
5660.020835498508,198.24455401640355
5661.4488739721055,198.14544814633587
5662.876912445703,198.0463422762682
5664.3049509193,197.9472364062006
5665.732989392896,197.848130536133
5667.161027866494,197.7490246660653
5668.589066340091,197.64991879599765
5670.017104813688,197.55081292593005
5671.445143287285,197.45170705586244
5672.873181760882,197.35260118579475
5674.30122023448,197.2534953157271
5675.7292587080765,197.1543894456595
5677.157297181673,197.0552835755919
5678.585335655271,196.95617770552423
5680.013374128868,196.85707183545654
5681.441412602465,196.75796596538893
5682.8694510760615,196.65886009532133
5684.297489549659,196.55975422525367
5685.725528023257,196.46064835518598
5687.153566496853,196.36154248511838
5688.58160497045,196.26243661505077
5690.0096434440475,196.1633307449831
5691.437681917645,196.06422487491542
5692.865720391242,195.96511900484782
5694.293758864838,195.86601313478022
5695.721797338436,195.76690726471256
5697.149835812033,195.66780139464487
5698.57787428563,195.56869552457727
5700.005912759227,195.4697883232197
5701.433951232824,195.41866454586489
5702.861989706422,195.3675407685101
5704.290028180018,195.31641699115534
5705.718066653615,195.2652932138006
5707.146105127213,195.2141694364458
5708.57414360081,195.16304565909098
5710.002182074407,195.11192188173624
5711.4302205480035,195.06079810438146
5712.858259021601,195.0096743270267
5714.286297495199,194.95855054967188
5715.714335968795,194.90742677231714
5717.142374442392,194.85630299496236
5718.570412915989,194.8051792176076
5719.998451389587,194.75405544025278
5721.426489863184,194.70293166289804
5722.85452833678,194.65180788554326
5724.282566810378,194.6006841081885
5725.710605283975,194.54956033083369
5727.138643757572,194.4984365534789
5728.566682231169,194.44731277612416
5729.994720704766,194.39618899876936
5731.422759178364,194.3450652214146
